num,displaytext,Link
3,300,https://www.youtube.com/embed/UrIbxk7idYA
1,Avengers: Endgame,https://www.youtube.com/embed/TcMBFSGVi1c
3,Batman - The Dark Knight,https://www.youtube.com/embed/kmJLuwP3MbY
2,Black Widow,https://www.youtube.com/embed/ybji16u608U
3,Coco,https://www.youtube.com/embed/Rvr68u6k5sI
2,Iron Man 3,https://www.youtube.com/embed/Ke1Y3P9D0Bc
2,Man of Steel,https://www.youtube.com/embed/vGrBV1C4hgo
1,Minions: The Rise of Gru,https://www.youtube.com/embed/6DxjJzmYsXo
1,Spiderman: No Way Home,https://www.youtube.com/embed/rt-2cxAiPJk
3,The Expendables 2,https://www.youtube.com/embed/ip_CYHdyUBs
2,Wonder Woman,https://www.youtube.com/embed/1Q8fG0TtVAY
